{
    "code": "190230",
    "data": [
        {
            "baseYr": "2022",
            "mticd": null,
            "itcNatCd": "842",
            "natName": "미국",
            "impAmt": 728861000,
            "expAmt": 158652252,
            "korImpAmt": 147123767,
            "korExpAmt": 475952,
            "korImpMkshRate": 20.185435494559318,
            "impMkshRate": 10.555141760868919,
            "impGrowthRate": 88.35616385255064,
            "expMkshRate": 2.24852966827461,
            "expGrowthRate": 15.072163619864007,
            "impMkshRateChngVal": 1.0,
            "impGrowthRateChngVal": 88.35616385255064,
            "yr2GrowthRate": 39.19206822725532,
            "yr5GrowthRate": 25.069267717379176,
            "expEntpCnt": 122,
            "impCntryCnt": null,
            "buyerCnt": 0,
            "byoffrCnt": 0,
            "dataRegDt": null,
            "hscd": "190230",
            "cmdltNm": null,
            "cmdltParentNm": null,
            "cmdltGrParentNm": null,
            "quCd": null,
            "rank": 1,
            "tradeBal": null,
            "baseYm": null,
            "tradeType": null,
            "predRank": null,
            "avgTarifRate": null,
            "korExpsttAmt": 120479657.0,
            "korExpsttTotalAmt": null,
            "popltnVal": null,
            "gdpVal": null,
            "isoWd2NatCd": null,
            "kcskorImpAmt": null,
            "predAmt": null,
            "resnCnt": null
        },
        {
            "baseYr": "2022",
            "mticd": null,
            "itcNatCd": "826",
            "natName": "영국",
            "impAmt": 521296713,
            "expAmt": 70124771,
            "korImpAmt": 33930288,
            "korExpAmt": 2920,
            "korImpMkshRate": 6.508824466729373,
            "impMkshRate": 7.549259330914948,
            "impGrowthRate": 8.224831822938292,
            "expMkshRate": 0.9938568541369522,
            "expGrowthRate": 91.01509197124105,
            "impMkshRateChngVal": 0.2282038842150534,
            "impGrowthRateChngVal": 8.224831822938292,
            "yr2GrowthRate": 20.205698781280123,
            "yr5GrowthRate": 19.26869568198875,
            "expEntpCnt": 25,
            "impCntryCnt": null,
            "buyerCnt": 6,
            "byoffrCnt": 0,
            "dataRegDt": null,
            "hscd": "190230",
            "cmdltNm": null,
            "cmdltParentNm": null,
            "cmdltGrParentNm": null,
            "quCd": null,
            "rank": 2,
            "tradeBal": null,
            "baseYm": null,
            "tradeType": null,
            "predRank": null,
            "avgTarifRate": null,
            "korExpsttAmt": 26177224.0,
            "korExpsttTotalAmt": null,
            "popltnVal": null,
            "gdpVal": null,
            "isoWd2NatCd": null,
            "kcskorImpAmt": null,
            "predAmt": null,
            "resnCnt": null
        },
        {
            "baseYr": "2022",
            "mticd": null,
            "itcNatCd": "36",
            "natName": "호주",
            "impAmt": 357629281,
            "expAmt": 11261772,
            "korImpAmt": 35634910,
            "korExpAmt": 430287,
            "korImpMkshRate": 9.96420368610701,
            "impMkshRate": 5.179077710005921,
            "impGrowthRate": 93.32831524535355,
            "expMkshRate": 0.15960963768320346,
            "expGrowthRate": 60.40356085452874,
            "impMkshRateChngVal": 0.31034445700321056,
            "impGrowthRateChngVal": 93.32831524535355,
            "yr2GrowthRate": 39.62700052041581,
            "yr5GrowthRate": 23.609098220112514,
            "expEntpCnt": 69,
            "impCntryCnt": null,
            "buyerCnt": 1,
            "byoffrCnt": 0,
            "dataRegDt": null,
            "hscd": "190230",
            "cmdltNm": null,
            "cmdltParentNm": null,
            "cmdltGrParentNm": null,
            "quCd": null,
            "rank": 3,
            "tradeBal": null,
            "baseYm": null,
            "tradeType": null,
            "predRank": null,
            "avgTarifRate": null,
            "korExpsttAmt": 30479949.0,
            "korExpsttTotalAmt": null,
            "popltnVal": null,
            "gdpVal": null,
            "isoWd2NatCd": null,
            "kcskorImpAmt": null,
            "predAmt": null,
            "resnCnt": null
        },
        {
            "baseYr": "2022",
            "mticd": null,
            "itcNatCd": "276",
            "natName": "독일",
            "impAmt": 329976914,
            "expAmt": 149476596,
            "korImpAmt": 21561929,
            "korExpAmt": 767,
            "korImpMkshRate": 6.534375007822517,
            "impMkshRate": 4.778624600690738,
            "impGrowthRate": 33.98214816336664,
            "expMkshRate": 2.118485912312785,
            "expGrowthRate": 4.570006428529474,
            "impMkshRateChngVal": 0.5383706451652611,
            "impGrowthRateChngVal": 33.98214816336664,
            "yr2GrowthRate": 23.082329081794622,
            "yr5GrowthRate": 14.697581161906138,
            "expEntpCnt": 19,
            "impCntryCnt": null,
            "buyerCnt": 1,
            "byoffrCnt": 0,
            "dataRegDt": null,
            "hscd": "190230",
            "cmdltNm": null,
            "cmdltParentNm": null,
            "cmdltGrParentNm": null,
            "quCd": null,
            "rank": 4,
            "tradeBal": null,
            "baseYm": null,
            "tradeType": null,
            "predRank": null,
            "avgTarifRate": null,
            "korExpsttAmt": 12531701.0,
            "korExpsttTotalAmt": null,
            "popltnVal": null,
            "gdpVal": null,
            "isoWd2NatCd": null,
            "kcskorImpAmt": null,
            "predAmt": null,
            "resnCnt": null
        },
        {
            "baseYr": "2022",
            "mticd": null,
            "itcNatCd": "156",
            "natName": "중국",
            "impAmt": 329246568,
            "expAmt": 1067775238,
            "korImpAmt": 182998729,
            "korExpAmt": 111806505,
            "korImpMkshRate": 55.581058934530795,
            "impMkshRate": 4.7680479536147065,
            "impGrowthRate": 14.558498721546883,
            "expMkshRate": 15.133250687749346,
            "expGrowthRate": 39.88431762416454,
            "impMkshRateChngVal": 1.0,
            "impGrowthRateChngVal": 14.558498721546883,
            "yr2GrowthRate": 11.656493039558448,
            "yr5GrowthRate": 10.297142478590574,
            "expEntpCnt": 79,
            "impCntryCnt": null,
            "buyerCnt": 12,
            "byoffrCnt": 0,
            "dataRegDt": null,
            "hscd": "190230",
            "cmdltNm": null,
            "cmdltParentNm": null,
            "cmdltGrParentNm": null,
            "quCd": null,
            "rank": 5,
            "tradeBal": null,
            "baseYm": null,
            "tradeType": null,
            "predRank": null,
            "avgTarifRate": null,
            "korExpsttAmt": 190833159.0,
            "korExpsttTotalAmt": null,
            "popltnVal": null,
            "gdpVal": null,
            "isoWd2NatCd": null,
            "kcskorImpAmt": null,
            "predAmt": null,
            "resnCnt": null
        },
        {
            "baseYr": "2022",
            "mticd": null,
            "itcNatCd": "410",
            "natName": "한국",
            "impAmt": 51776355,
            "expAmt": 1084972494,
            "korImpAmt": null,
            "korExpAmt": null,
            "korImpMkshRate": null,
            "impMkshRate": 0.7498093146513181,
            "impGrowthRate": 116.12754326205005,
            "expMkshRate": 15.37698211822985,
            "expGrowthRate": 35.782544176550275,
            "impMkshRateChngVal": null,
            "impGrowthRateChngVal": 116.12754326205005,
            "yr2GrowthRate": 86.1077938592,
            "yr5GrowthRate": 40.39937717659233,