{
    "code": "870830",
    "data": [
        {
            "baseYr": "2022",
            "mticd": null,
            "itcNatCd": "842",
            "natName": "미국",
            "impAmt": 8571654627,
            "expAmt": 2581017343,
            "korImpAmt": 309518210,
            "korExpAmt": 4430357,
            "korImpMkshRate": 3.610950551192804,
            "impMkshRate": 17.920477581572577,
            "impGrowthRate": 39.85746331360741,
            "expMkshRate": 5.5129412399565485,
            "expGrowthRate": 16.053254830601087,
            "impMkshRateChngVal": 0.10676507182151752,
            "impGrowthRateChngVal": 39.85746331360741,
            "yr2GrowthRate": 30.040306841478987,
            "yr5GrowthRate": 11.021048927882784,
            "expEntpCnt": 74,
            "impCntryCnt": null,
            "buyerCnt": 4,
            "byoffrCnt": 0,
            "dataRegDt": null,
            "hscd": "870830",
            "cmdltNm": null,
            "cmdltParentNm": null,
            "cmdltGrParentNm": null,
            "quCd": null,
            "rank": 1,
            "tradeBal": null,
            "baseYm": null,
            "tradeType": null,
            "predRank": null,
            "avgTarifRate": null,
            "korExpsttAmt": 171092115.0,
            "korExpsttTotalAmt": null,
            "popltnVal": null,
            "gdpVal": null,
            "isoWd2NatCd": null,
            "kcskorImpAmt": null,
            "predAmt": null,
            "resnCnt": null
        },
        {
            "baseYr": "2022",
            "mticd": null,
            "itcNatCd": "276",
            "natName": "독일",
            "impAmt": 4583004811,
            "expAmt": 5063237108,
            "korImpAmt": 13379030,
            "korExpAmt": 47967090,
            "korImpMkshRate": 0.29192703372006124,
            "impMkshRate": 9.58153805136563,
            "impGrowthRate": 26.038359832176262,
            "expMkshRate": 10.814855133025555,
            "expGrowthRate": 5.808627406614581,
            "impMkshRateChngVal": 0.019176740794663322,
            "impGrowthRateChngVal": 26.038359832176262,
            "yr2GrowthRate": 22.356270377185478,
            "yr5GrowthRate": 4.235196976730217,
            "expEntpCnt": 29,
            "impCntryCnt": null,
            "buyerCnt": 5,
            "byoffrCnt": 0,
            "dataRegDt": null,
            "hscd": "870830",
            "cmdltNm": null,
            "cmdltParentNm": null,
            "cmdltGrParentNm": null,
            "quCd": null,
            "rank": 2,
            "tradeBal": null,
            "baseYm": null,
            "tradeType": null,
            "predRank": null,
            "avgTarifRate": null,
            "korExpsttAmt": 1995975.0,
            "korExpsttTotalAmt": null,
            "popltnVal": null,
            "gdpVal": null,
            "isoWd2NatCd": null,
            "kcskorImpAmt": null,
            "predAmt": null,
            "resnCnt": null
        },
        {
            "baseYr": "2022",
            "mticd": null,
            "itcNatCd": "484",
            "natName": "멕시코",
            "impAmt": 3266553703,
            "expAmt": 4231131970,
            "korImpAmt": 100590699,
            "korExpAmt": 162366,
            "korImpMkshRate": 3.0794136005667867,
            "impMkshRate": 6.829276837545916,
            "impGrowthRate": 39.195129602047494,
            "expMkshRate": 9.037514603446658,
            "expGrowthRate": 22.50198226475557,
            "impMkshRateChngVal": 0.06950637667480217,
            "impGrowthRateChngVal": 39.195129602047494,
            "yr2GrowthRate": 32.152782598843096,
            "yr5GrowthRate": 11.510747164599357,
            "expEntpCnt": 29,
            "impCntryCnt": null,
            "buyerCnt": 2,
            "byoffrCnt": 0,
            "dataRegDt": null,
            "hscd": "870830",
            "cmdltNm": null,
            "cmdltParentNm": null,
            "cmdltGrParentNm": null,
            "quCd": null,
            "rank": 3,
            "tradeBal": null,
            "baseYm": null,
            "tradeType": null,
            "predRank": null,
            "avgTarifRate": null,
            "korExpsttAmt": 82836434.0,
            "korExpsttTotalAmt": null,
            "popltnVal": null,
            "gdpVal": null,
            "isoWd2NatCd": null,
            "kcskorImpAmt": null,
            "predAmt": null,
            "resnCnt": null
        },
        {
            "baseYr": "2022",
            "mticd": null,
            "itcNatCd": "826",
            "natName": "영국",
            "impAmt": 2181563073,
            "expAmt": 1290713421,
            "korImpAmt": 12483043,
            "korExpAmt": 6219013,
            "korImpMkshRate": 0.5722063759923205,
            "impMkshRate": 4.560922464064076,
            "impGrowthRate": 76.43727971155556,
            "expMkshRate": 2.7569079560409206,
            "expGrowthRate": 63.494453476355396,
            "impMkshRateChngVal": 0.016632573384128643,
            "impGrowthRateChngVal": 76.43727971155556,
            "yr2GrowthRate": 47.941760606423344,
            "yr5GrowthRate": 10.74109142037889,
            "expEntpCnt": 9,
            "impCntryCnt": null,
            "buyerCnt": 1,
            "byoffrCnt": 0,
            "dataRegDt": null,
            "hscd": "870830",
            "cmdltNm": null,
            "cmdltParentNm": null,
            "cmdltGrParentNm": null,
            "quCd": null,
            "rank": 4,
            "tradeBal": null,
            "baseYm": null,
            "tradeType": null,
            "predRank": null,
            "avgTarifRate": null,
            "korExpsttAmt": 47627758.0,
            "korExpsttTotalAmt": null,
            "popltnVal": null,
            "gdpVal": null,
            "isoWd2NatCd": null,
            "kcskorImpAmt": null,
            "predAmt": null,
            "resnCnt": null
        },
        {
            "baseYr": "2022",
            "mticd": null,
            "itcNatCd": "156",
            "natName": "중국",
            "impAmt": 1716665566,
            "expAmt": 9762581232,
            "korImpAmt": 44849891,
            "korExpAmt": 188354945,
            "korImpMkshRate": 2.612616684827241,
            "impMkshRate": 3.5889764729505353,
            "impGrowthRate": 32.09486713479866,
            "expMkshRate": 20.852450615369076,
            "expGrowthRate": 54.63501147840952,
            "impMkshRateChngVal": 0.11044834908449645,
            "impGrowthRateChngVal": 32.09486713479866,
            "yr2GrowthRate": 20.18738626775542,
            "yr5GrowthRate": 9.623981922032451,
            "expEntpCnt": 65,
            "impCntryCnt": null,
            "buyerCnt": 0,
            "byoffrCnt": 0,
            "dataRegDt": null,
            "hscd": "870830",
            "cmdltNm": null,
            "cmdltParentNm": null,
            "cmdltGrParentNm": null,
            "quCd": null,
            "rank": 5,
            "tradeBal": null,
            "baseYm": null,
            "tradeType": null,
            "predRank": null,
            "avgTarifRate": null,
            "korExpsttAmt": 42265578.0,
            "korExpsttTotalAmt": null,
            "popltnVal": null,
            "gdpVal": null,
            "isoWd2NatCd": null,
            "kcskorImpAmt": null,
            "predAmt": null,
            "resnCnt": null
        },
        {
            "baseYr": "2022",
            "mticd": null,
            "itcNatCd": "410",
            "natName": "한국",
            "impAmt": 501698264,
            "expAmt": 864033063,
            "korImpAmt": null,
            "korExpAmt": null,
            "korImpMkshRate": null,
            "impMkshRate": 1.0488841284395674,
            "impGrowthRate": 57.94998905727379,
            "expMkshRate": 1.845537194322787,
            "expGrowthRate": 27.046949915315274,
            "impMkshRateChngVal": null,
            "impGrowthRateChngVal": 57.94998905727379,
            "yr2GrowthRate": 34.355853420325126,